method,state@4k,state@8k,stale@4k,stale@8k,use@4k,use@8k,copy@4k,copy@8k
-chunking (whole turns),67.0350185204246,77.12081368307084,0.3452944433026779,0.23286045103679628,78.64360696363056,87.77045640519565,65.08090578773579,79.80452581862974
-dedup,62.66960052021441,69.37777128609277,0.4029018188300889,0.4579653379993777,78.05024053187499,88.35759732638031,69.00490692713099,83.25617437898327
-learned (heuristic utility),69.48358483913889,76.55631580170802,0.3121265593634005,0.2781074815806357,78.05104060480048,88.27509670531892,59.22973400223803,82.8665502766486
-ledger,54.43424664885303,67.38843702410188,0.32220068385277373,0.2372719774009499,80.34446121152405,89.03281161130128,75.23515528674855,86.333964153318
-safety,64.43901112921618,73.71637093157172,0.4780283640165659,0.253381634752775,79.17724858336014,88.89453124589251,67.82484271286515,84.3581445467431
extractor recall 0.7,59.717953857510885,69.0138211814491,0.9351276272964452,0.8862751379541977,79.09556520362933,88.89351243424379,69.47650647076026,84.27434607615805
"extractor recall 0.7, -safety",59.54683936614522,68.75511893553453,1.0756342879795733,0.924051045446303,78.96468818492097,89.29207362214683,69.00496965224046,84.43668901582708
lambda=0,53.57903845114951,65.27608822574432,0.28664258659188496,0.23940562957898867,80.42347168954083,88.65881572291242,72.92989672600243,85.73885619378787
lambda=0.1,58.83646902219589,70.21466302908796,0.2863178154160657,0.19122751248069664,79.97157546216023,88.94600906422757,72.07919251156254,84.82345323693433
lambda=1,69.15878855416155,76.75086442126042,0.29252058874479625,0.18738514777913842,78.52792147833182,89.00279060699518,60.976639280425985,79.2322970699059
lambda=3,69.96928872796582,77.03005509427729,0.3202635935000231,0.20421406179331647,78.41830097830332,88.20645098478398,55.20050926504088,77.60817143331504
logreg utility,65.53559776839246,74.9974815795494,0.22394276688601714,0.1646352845955739,79.95221455126803,88.54151720473028,71.19300466527415,82.34355703447946
obs_mask+dedup,48.65742173923612,53.401383252747536,0.1808084670769161,0.210109289180082,65.00861647148311,83.13966785086477,57.118425647002404,83.00325616257678
oracle utility (upper bound),66.200364486434,75.90720420921431,0.31325169136698866,0.17101472774908413,93.30180615706887,95.29720511015279,93.05657388353303,94.48146370743531
recent R=2,64.74191699768794,74.08509688743644,0.2625476645467101,0.1724698023629652,78.79280329089045,88.68778404483403,67.92367750830785,83.83278932976314
skc,64.74191699768794,74.08509688743644,0.2625476645467101,0.1724698023629652,78.79280329089045,88.68778404483403,67.92367750830785,83.83278932976314
skc-basic+dedup,70.14726268756077,79.41100634757892,0.17355962343863574,0.10398259780593827,74.71307187842609,86.33644999913803,54.144094063180994,78.31407409142106
v1 features,64.92517886546626,74.29782312816067,0.2623111156262089,0.19886611807589621,78.9906388441086,88.13974551804121,69.0500160729935,84.35960384414074
window+dedup,49.33443032023294,64.0887594439681,0.20398276210249194,0.18871957554813398,63.601386629007436,82.6220420346957,56.661115172903344,81.05497670171358
