budget,method,mean,lo,hi,n_traj,metric
4000,bm25,47.738417160959415,46.52149973227919,48.96403885673318,1382,State correct
4000,bm25_chunk,48.45905872789095,47.185950654398404,49.71721892219847,1382,State correct
4000,obs_mask,44.81579553329604,43.755047824886226,45.88264803918724,1382,State correct
4000,obs_trunc,49.169895036955914,47.961696907723756,50.37616099758758,1382,State correct
4000,random,57.83274994640216,56.708770004127594,58.92029602185129,1382,State correct
4000,selfinfo,36.797663013177164,35.59175485976981,37.985102909661705,1382,State correct
4000,skc,65.0242728944182,63.998317956259896,66.02011666901481,1382,State correct
4000,skc-basic,69.74248123849905,68.78503372839727,70.69042369437716,1382,State correct
4000,window,45.30714591212902,44.24324709251452,46.36839731159788,1382,State correct
8000,bm25,53.58843657437908,52.28888580898297,54.88146732113779,1162,State correct
8000,bm25_chunk,56.59676124418846,55.28154998213499,57.85904547115707,1162,State correct
8000,obs_mask,50.76935900226939,49.552499113207205,51.96756075017538,1162,State correct
8000,obs_trunc,54.7890858470087,53.69548669021954,55.85027113996487,1162,State correct
8000,random,67.31681602737801,66.1818388645799,68.47217013135764,1162,State correct
8000,selfinfo,44.743573833043094,43.183772654045946,46.205498043928365,1162,State correct
8000,skc,74.765513814146,73.72906931929893,75.7918796642541,1162,State correct
8000,skc-basic,77.55727399829985,76.67604086885551,78.39317246428395,1162,State correct
8000,window,55.48449318414218,54.25152055328082,56.68763840414831,1162,State correct
16000,bm25,60.58729359066562,59.27036716874593,61.957050231199354,846,State correct
16000,bm25_chunk,65.1420806866678,63.90581513300074,66.45345416080943,846,State correct
16000,obs_mask,46.36075970841388,45.19760674976584,47.570424664923316,846,State correct
16000,obs_trunc,58.83798470918195,57.78369052229062,59.92900918903011,846,State correct
16000,random,75.7108068523932,74.80159921962971,76.66329234740894,846,State correct
16000,selfinfo,54.35137196639176,52.812316798721646,55.9050728293749,846,State correct
16000,skc,84.95154856759291,83.98635433994261,85.90921507394864,846,State correct
16000,skc-basic,83.61488761394779,82.87311204973817,84.35175368550894,846,State correct
16000,window,64.35989782331109,63.17602523261545,65.55292473032142,846,State correct
32000,bm25,70.66108062455446,69.0811473305258,72.17996015959504,519,State correct
32000,bm25_chunk,75.09729361206784,73.70501341871147,76.4088217778129,519,State correct
32000,obs_mask,39.116177034042124,37.62974343140017,40.57364680040592,519,State correct
32000,obs_trunc,59.94112092955143,58.61856280837788,61.2384033327371,519,State correct
32000,random,82.46468377986994,81.54280083618556,83.46257179203519,519,State correct
32000,selfinfo,69.27671511870575,67.51057249852258,71.09139096813882,519,State correct
32000,skc,91.8163799734458,90.94446404090213,92.62296509476062,519,State correct
32000,skc-basic,87.8189726514071,86.98296637809973,88.70673376475595,519,State correct
32000,window,72.44338307599476,70.95455742252025,73.94528981547933,519,State correct
4000,bm25,1.9416990070276654,1.7740901825531719,2.1194537328580774,1382,State stale
4000,bm25_chunk,2.118057088796333,1.9188951387151592,2.317161986960506,1382,State stale
4000,obs_mask,0.32196341584248506,0.24638690364982202,0.40398044675068573,1382,State stale
4000,obs_trunc,0.7116934283856563,0.6132758618079533,0.8131923563178126,1382,State stale
4000,random,2.7578027218665815,2.5838044504272837,2.9397069090801695,1382,State stale
4000,selfinfo,1.263642925757222,1.1115194443442828,1.4217592852224852,1382,State stale
4000,skc,0.29201306961629897,0.2334197651307931,0.3526152037892569,1382,State stale
4000,skc-basic,0.21312119925072917,0.16103064440340986,0.2697846081365244,1382,State stale
4000,window,0.31779180182488953,0.24325550532582296,0.4009329551814082,1382,State stale
8000,bm25,1.7716977482476521,1.6078260946645713,1.9241464922234057,1162,State stale
8000,bm25_chunk,2.04193885687286,1.8459140856825897,2.2257537188887246,1162,State stale
8000,obs_mask,0.3311749004957625,0.2535870991573567,0.4186556095514959,1162,State stale
8000,obs_trunc,1.302981365340515,1.1497749907108332,1.4514283133779906,1162,State stale
8000,random,2.2376898811208004,2.0753660843269737,2.4004549852411805,1162,State stale
8000,selfinfo,1.6356308004981235,1.4576990409439494,1.8202787683283401,1162,State stale
8000,skc,0.22331770245238208,0.17072824404040818,0.28171452790807405,1162,State stale
8000,skc-basic,0.18753908986108722,0.134682501148623,0.24629253412512497,1162,State stale
8000,window,0.24034882095543894,0.1723789307916128,0.321140852496993,1162,State stale
16000,bm25,1.7707425671023822,1.5988153896351216,1.9427966297343673,846,State stale
16000,bm25_chunk,1.6531566571512308,1.4622741242572341,1.8527976180399424,846,State stale
16000,obs_mask,0.6292489526943925,0.5165847761681157,0.7537426771601461,846,State stale
16000,obs_trunc,1.7834784488295816,1.5837577266255156,2.003565740653524,846,State stale
16000,random,1.552691275600699,1.404548152698831,1.7172666106523384,846,State stale
16000,selfinfo,1.840530183371476,1.6215695657447724,2.065675549217188,846,State stale
16000,skc,0.16605682695042254,0.1206210268298108,0.21224350164434327,846,State stale
16000,skc-basic,0.15905024699845324,0.10456960826244659,0.22610921642679233,846,State stale
16000,window,0.22294572922555694,0.15214310357189667,0.30965927013267625,846,State stale
32000,bm25,1.2686005262321902,1.1100705628060759,1.4405833142255027,519,State stale
32000,bm25_chunk,1.3310416198729695,1.14060089523761,1.5532860537290942,519,State stale
32000,obs_mask,0.7442050002140982,0.6050849453749785,0.9000663931863826,519,State stale
32000,obs_trunc,1.7959498066423785,1.5655297237359707,2.062940486061611,519,State stale
32000,random,0.9695736283434422,0.8095943218655359,1.1304010978638201,519,State stale
32000,selfinfo,1.3939819389446224,1.177115835818078,1.6202969512898437,519,State stale
32000,skc,0.06619930756011924,0.037509784961945236,0.09850796123983598,519,State stale
32000,skc-basic,0.1421593353971004,0.07467124444784749,0.2322608546130633,519,State stale
32000,window,0.09518910679748657,0.0549132428840909,0.14450968631649072,519,State stale
4000,bm25,72.67817017254224,70.488117176846,74.91601196055471,948,Use (long range)
4000,bm25_chunk,80.5122406212944,78.6431274282595,82.30626121878338,948,Use (long range)
4000,obs_mask,55.00805414738994,52.4413536813035,57.53994661097791,948,Use (long range)
4000,obs_trunc,70.10941385541079,67.8714372105732,72.24031160113594,948,Use (long range)
4000,random,73.98383768425127,71.83201618781113,75.99616377540174,948,Use (long range)
4000,selfinfo,58.31469555669694,55.84180133148807,60.74060234029491,948,Use (long range)
4000,skc,79.51592975825949,77.62595993167176,81.371725012103,948,Use (long range)
4000,skc-basic,72.79056316605367,70.68693294630293,74.8958499281078,948,Use (long range)
4000,window,54.53319407109396,51.97469758496729,57.02103797150904,948,Use (long range)
8000,bm25,80.36627348704052,78.1559761056428,82.55903520660898,709,Use (long range)
8000,bm25_chunk,89.42027145286276,87.89994381133069,90.924961275097,709,Use (long range)
8000,obs_mask,77.67564321428615,75.33942330490369,79.89722680273023,709,Use (long range)
8000,obs_trunc,84.70620862898627,82.84945284328083,86.45862833356662,709,Use (long range)
8000,random,82.21840105770428,80.14327869260856,84.07476752729491,709,Use (long range)
8000,selfinfo,73.58471162045306,71.22012265848252,75.98762187612714,709,Use (long range)
8000,skc,88.31229535923798,86.69264429324934,89.77047290715913,709,Use (long range)
8000,skc-basic,83.6570856671357,81.74632807411514,85.51542914173669,709,Use (long range)
8000,window,76.09739156729736,73.65669308570531,78.421703969871,709,Use (long range)
16000,bm25,87.2969604306311,84.56005181879098,89.68824829595331,480,Use (long range)
16000,bm25_chunk,95.42005555106758,94.04195560415494,96.69695988121165,480,Use (long range)
16000,obs_mask,87.50026130511604,85.37335428536163,89.60874377595236,480,Use (long range)
16000,obs_trunc,89.07464085615845,87.11245613429001,90.98429186487839,480,Use (long range)
16000,random,91.61261087592418,89.78705070623742,93.36418941186535,480,Use (long range)
16000,selfinfo,87.043482215938,84.73528042613592,89.08171959566737,480,Use (long range)
16000,skc,94.56633057655644,93.12356842910378,95.8410319034396,480,Use (long range)
16000,skc-basic,92.7281486514022,91.14536925060429,94.234412993493,480,Use (long range)
16000,window,91.35671824800163,89.31492391099546,93.23833068363817,480,Use (long range)
32000,bm25,92.2556177518256,89.01432004236331,95.33527434908493,229,Use (long range)
32000,bm25_chunk,98.95627074746194,98.27617800556288,99.45920043859743,229,Use (long range)
32000,obs_mask,88.34428009144467,84.91028178111769,91.29103538888451,229,Use (long range)
32000,obs_trunc,88.19029020294545,85.09042685653179,91.00686772489964,229,Use (long range)
32000,random,95.44648267528912,92.92767050211569,97.52062577824508,229,Use (long range)
32000,selfinfo,95.8227141224968,93.71820897281353,97.6242360958592,229,Use (long range)
32000,skc,97.40241889480484,95.68406733075874,98.90659956231256,229,Use (long range)
32000,skc-basic,94.89583588629976,92.46178285653954,97.01145802063732,229,Use (long range)
32000,window,94.9784992312947,92.51670478787469,97.1283921253286,229,Use (long range)
4000,bm25,64.04664368005096,61.075251926815575,67.02645252656833,772,Copy (long range)
4000,bm25_chunk,75.68340058962512,73.13929934457053,78.09019181797639,772,Copy (long range)
4000,obs_mask,49.45061026413601,46.45792811232112,52.55101317534052,772,Copy (long range)
4000,obs_trunc,66.25621223506676,63.49142011217176,69.12017182167847,772,Copy (long range)
4000,random,63.40702514983684,60.38268555586311,66.33625715582737,772,Copy (long range)
4000,selfinfo,34.39497352056226,31.51645540538761,37.278611997337904,772,Copy (long range)
4000,skc,67.5680775169353,64.90153704194613,70.4584733430615,772,Copy (long range)
4000,skc-basic,51.26990793486672,48.34064496945601,54.360935253380646,772,Copy (long range)
4000,window,48.60181622755992,45.742130325539,51.711939879067344,772,Copy (long range)
8000,bm25,73.9853703185561,70.89405441770683,77.06584506249746,611,Copy (long range)
8000,bm25_chunk,87.72823749425572,85.54358203655342,89.6311046078713,611,Copy (long range)
8000,obs_mask,78.44477851462302,75.4378607021599,81.23772866123298,611,Copy (long range)
8000,obs_trunc,87.04974204356247,84.69128148322139,89.27568892208761,611,Copy (long range)
8000,random,76.96485214973515,74.06142875879436,79.75301951982455,611,Copy (long range)
8000,selfinfo,48.20578556886038,44.96347295606134,51.45346076521046,611,Copy (long range)
8000,skc,81.28482534592509,78.8791961728621,83.54410706695614,611,Copy (long range)
8000,skc-basic,73.350651608922,70.52477036911024,76.00211187768066,611,Copy (long range)
8000,window,75.4454205516142,72.38991036447703,78.2736259355591,611,Copy (long range)
16000,bm25,86.00027325462372,82.71549456984776,88.94090672029702,416,Copy (long range)
16000,bm25_chunk,95.34345984268259,93.86692992117935,96.68381315954596,416,Copy (long range)
16000,obs_mask,93.16700108491169,90.99548616904346,95.14728027404124,416,Copy (long range)
16000,obs_trunc,94.10765224015012,92.29321580028142,95.84661825073375,416,Copy (long range)
16000,random,90.01170990985104,87.75629431621998,92.10407016722819,416,Copy (long range)
16000,selfinfo,68.98060902070992,65.36585699718921,72.41857901173805,416,Copy (long range)
16000,skc,89.98691936308728,87.73444094352442,92.17303498184013,416,Copy (long range)
16000,skc-basic,90.63022324096022,88.11506844231886,92.870109955046,416,Copy (long range)
16000,window,93.00559589134161,90.7522384770258,95.04519806069125,416,Copy (long range)
32000,bm25,93.39006942877911,89.76052883048851,96.41917033235582,195,Copy (long range)
32000,bm25_chunk,98.95017534121536,98.28076123451595,99.53473310045365,195,Copy (long range)
32000,obs_mask,93.54137633573117,90.18496792559296,96.55290043737625,195,Copy (long range)
32000,obs_trunc,95.73942253071212,93.32432412358882,97.72018668548644,195,Copy (long range)
32000,random,96.67517767517766,94.51584901584901,98.41552441552443,195,Copy (long range)
32000,selfinfo,85.38597290169432,81.66149025952299,89.1887868682955,195,Copy (long range)
32000,skc,96.23504631745793,94.02108346295584,98.22782913814278,195,Copy (long range)
32000,skc-basic,98.19055473441439,96.4413319623846,99.4359299245264,195,Copy (long range)
32000,window,96.12026862026862,93.2978021978022,98.29152930402931,195,Copy (long range)
