method,4000,8000,16000,32000
window,5.01079808026873,5.460106969789709,9.942199445732918,21.942457116223288
obs_mask,4.68095614645363,5.954767955162046,10.602267815996695,22.608119382041743
obs_trunc,46.60028586609313,63.863377263667154,89.7591255825339,130.1891939241482
bm25,7.782371356963535,10.15652445381368,16.219009611432146,30.413808731370164
bm25_chunk,132.62809395232014,182.47761729253256,250.89066758381165,349.39582044398173
selfinfo,59.47568587928652,90.08887041358474,139.67325840815653,222.23501026582832
random,4.230680904132257,5.595604076209785,10.10622678035619,22.24802564997859
skc-basic,39.61126194128519,54.22751088529523,76.69406002087557,113.0625805608791
skc,99.1716655738012,133.11561501347154,181.1314199624272,249.66361772929628
