metric,budget,skc,best_baseline,baseline,diff,ci_lo,ci_hi,p,n_traj
State correct,4000,48.74241788068904,Random selection,43.79756389258952,4.944853988099526,4.4579316043315105,5.440273134909715,0.0002,1050
State correct,8000,62.757142805529334,Random selection,56.81516267339764,5.941980132131701,5.334774641304835,6.552663420022048,0.0002,1015
State correct,16000,76.06401621096293,Random selection,71.92367150676786,4.140344704195076,3.4622136220913,4.8407048706876505,0.0002,906
State correct,32000,87.91898813947266,Random selection,84.50592909421229,3.4130590452603715,2.630459329796392,4.242648272508956,0.0002,582
State stale,4000,0.20721834578712847,Recency window,0.2325072583138595,-0.02528891252673099,-0.10002185243087058,0.03546752273525987,0.4956,1050
State stale,8000,0.252665199298174,Recency window,0.21059529227163482,0.042069907026539156,-0.019314417753122686,0.09715539402762449,0.1664,1015
State stale,16000,0.20112253678050898,Recency window,0.17475185597238693,0.026370680808122,-0.0365960415816375,0.08415878616360578,0.38,906
State stale,32000,0.13698393455918917,Recency window,0.08384791550507781,0.05313601905411136,0.004207776760714064,0.09972983223305085,0.0324,582
Use (long range),4000,64.83810837918085,BM25 (chunks),68.9644463206474,-4.1263379414665495,-5.426556386435171,-2.7580240959402187,0.0002,967
Use (long range),8000,79.1360569628872,BM25 (chunks),83.8054168236695,-4.6693598607823175,-5.805187201380573,-3.502686543178113,0.0002,907
Use (long range),16000,90.25613556759782,BM25 (chunks),93.6741019531102,-3.417966385512365,-4.417013834021964,-2.390396007725113,0.0002,779
Use (long range),32000,96.62016939963986,BM25 (chunks),98.11646753578431,-1.4962981361444418,-2.1769686868397544,-0.846689010476364,0.0002,473
Copy (long range),4000,55.237152082617,BM25 (chunks),59.04006400707643,-3.8029119244594427,-6.212809465855334,-1.3866206194160675,0.0024,761
Copy (long range),8000,74.15775969144015,Truncate observations,78.84329499901999,-4.6855353075798405,-7.582098658402221,-1.7409581201952458,0.0004,719
Copy (long range),16000,89.34046199293272,BM25 (chunks),90.4686772828824,-1.1282152899496543,-3.04786679140021,0.8001222708437264,0.2556,607
Copy (long range),32000,96.64710659574088,BM25 (chunks),97.30970891276908,-0.6626023170282096,-2.268401822613192,0.9935417229242846,0.454,322
