,task,edit,view,cmd,search,edit_stale,view_stale,cmd_stale,search_stale
Recency window,100.0,55.26613816534541,28.464869395166925,47.928194662029114,,0.8682521706304266,0.1815896074870792,0.09629618983284707,
Observation masking,100.0,60.4001510003775,22.23215532895656,41.04517297382756,,0.9437523593808984,0.2486380779438469,0.10779424235020194,
Truncate observations,100.0,63.49565873914684,13.169437072216791,47.32454690486799,,1.1262111488612054,0.9135354099734599,0.44842404817684006,
BM25 (turns),100.0,55.83238958097395,27.626763514457327,31.494603101599665,,3.9071347678369195,1.137030311496019,0.47860643603489655,
BM25 (chunks),100.0,38.052095130237824,15.186478558457885,39.71858516463774,,2.711715112621115,0.9833775666992596,0.5705908561737355,
Self-information,100.0,17.748836038756764,16.426875261908087,25.709645428805494,,0.7235434755253555,0.6425478418773571,0.1897178665363554,
Random selection,100.0,49.62249905624764,39.56418494203101,53.0045848484413,,3.7750094375235936,1.9080877217488474,0.9787717205398335,
SKC-basic (ours),100.0,67.81804454511136,27.288727475904455,82.68537016542822,,0.3271674845853781,0.22070121525352704,0.08767265044483091,
SKC (ours),100.0,60.117025292563234,21.16776086045537,71.55669258519339,,0.6354599219831383,0.33244866601480655,0.12791583425557296,
