cfg,method,budget,n,success,ci_lo,ci_hi,steps,invalid,ctx_tokens,input_tokens_k,summary_calls,put,examine,clean,heat,cool,puttwo
full,full,0,134,90.29850746268657,85.07462686567165,94.77611940298507,22.0,1.791044776119403,448.16773294625096,19.31820895522388,0.0,100.0,100.0,90.32258064516128,69.56521739130434,85.71428571428571,100.0
obs_mask@600,obs_mask,600,134,83.5820895522388,77.61194029850746,89.55223880597015,21.47761194029851,1.9253731343283582,358.80895033571556,15.168201492537314,0.0,100.0,100.0,87.09677419354838,34.78260869565217,90.47619047619048,94.11764705882352
skc@600,skc,600,134,83.5820895522388,76.86567164179104,89.55223880597015,21.723880597014926,1.9253731343283582,365.1434155281176,15.79576119402985,0.0,100.0,100.0,87.09677419354838,39.130434782608695,85.71428571428571,94.11764705882352
summary@600,summary,600,134,85.82089552238806,79.1044776119403,91.7910447761194,22.208955223880597,1.8805970149253732,358.4922708345358,16.252902985074627,1.2686567164179106,100.0,94.44444444444444,90.32258064516128,60.86956521739131,71.42857142857143,100.0
window@600,window,600,134,83.5820895522388,76.86567164179104,89.55223880597015,22.149253731343283,1.9029850746268657,368.18508959870724,15.98565671641791,0.0,100.0,100.0,90.32258064516128,43.47826086956522,80.95238095238095,88.23529411764706
obs_mask@1200,obs_mask,1200,134,88.80597014925374,83.5820895522388,94.02985074626866,20.44776119402985,1.6119402985074627,387.5571218418663,15.787059701492536,0.0,100.0,100.0,93.54838709677419,56.52173913043478,85.71428571428571,100.0
skc@1200,skc,1200,134,87.31343283582089,81.34328358208955,92.53731343283582,20.67910447761194,1.462686567164179,419.1333653655992,17.41717910447761,0.0,100.0,100.0,90.32258064516128,56.52173913043478,85.71428571428571,94.11764705882352
summary@1200,summary,1200,134,84.32835820895522,77.61194029850746,90.29850746268657,23.044776119402986,2.014925373134328,441.0859413427468,19.98394776119403,0.1791044776119403,100.0,100.0,93.54838709677419,30.434782608695656,85.71428571428571,100.0
window@1200,window,1200,134,85.82089552238806,79.8507462686567,91.7910447761194,21.253731343283583,1.5970149253731343,423.8112804903123,18.069776119402984,0.0,100.0,100.0,90.32258064516128,56.52173913043478,76.19047619047619,94.11764705882352
