method,budget,contexts,mean_tokens,ms_per_call
window,4000,7886,3394.826654831347,5.01079808026873
obs_mask,4000,7886,3396.8432665483133,4.68095614645363
obs_trunc,4000,7886,3560.195409586609,46.60028586609313
bm25,4000,7886,3891.120593456759,7.782371356963535
bm25_chunk,4000,7886,4000.083819426832,132.62809395232014
selfinfo,4000,7886,3926.051103220898,59.47568587928652
random,4000,7886,3871.338955110322,4.230680904132257
skc-basic,4000,7886,3917.51014455998,39.61126194128519
window,8000,5196,6984.68129330254,5.460106969789709
obs_mask,8000,5196,6736.884526558892,5.954767955162046
obs_trunc,8000,5196,6351.878560431101,63.863377263667154
bm25,8000,5196,7797.472478829869,10.15652445381368
bm25_chunk,8000,5196,7980.478637413395,182.47761729253256
selfinfo,8000,5196,7780.919938414165,90.08887041358474
random,8000,5196,7716.800230946882,5.595604076209785
skc-basic,8000,5196,7682.143379522709,54.22751088529523
window,16000,3114,13952.40976236352,9.942199445732918
obs_mask,16000,3114,10887.910083493898,10.602267815996695
obs_trunc,16000,3114,10610.8673731535,89.7591255825339
bm25,16000,3114,14884.338471419396,16.219009611432146
bm25_chunk,16000,3114,15977.7591522158,250.89066758381165
selfinfo,16000,3114,15521.334617854847,139.67325840815653
random,16000,3114,14849.350353243415,10.10622678035619
skc-basic,16000,3114,14869.448298008992,76.69406002087557
window,32000,1437,23835.428670842037,21.942457116223288
obs_mask,32000,1437,15176.409185803755,22.608119382041743
obs_trunc,32000,1437,15020.122477383438,130.1891939241482
bm25,32000,1437,24904.439805149617,30.413808731370164
bm25_chunk,32000,1437,31963.55949895616,349.39582044398173
selfinfo,32000,1437,31139.40709812109,222.23501026582832
random,32000,1437,25256.00695894224,22.24802564997859
skc-basic,32000,1437,25415.80514961726,113.0625805608791
skc,4000,7886,3983.884098402232,99.1716655738012
skc,8000,5196,7855.619707467283,133.11561501347154
skc,16000,3114,15246.564868336543,181.13141996242717
skc,32000,1437,29633.199025748087,249.66361772929628
