dataset,group,seed,n,m,m_deletable,n_entries,n_targets,red_n,red_m,red_time,lambda,budget_frac,budget,alg,time,cost,risk0,risk,risk_ratio,reach_pair_frac,mean_dist,status
vul_5k_s1,vul_5k,1,5274,28078,19658,153,4,2293,12956,0.1308,244,0.05,12,A,0.2731,10,6120.0,6040.0,0.9869281045751634,0.9869281045751634,2.9817880794701987,
vul_5k_s1,vul_5k,1,5274,28078,19658,153,4,2293,12956,0.1308,244,0.05,12,B2,0.2827,10,6120.0,6040.0,0.9869281045751634,0.9869281045751634,2.9817880794701987,
vul_5k_s1,vul_5k,1,5274,28078,19658,153,4,2293,12956,0.1308,244,0.05,12,C,121.0206,10,6120.0,6040.0,0.9869281045751634,0.9869281045751634,2.9817880794701987,feasible
vul_5k_s1,vul_5k,1,5274,28078,19658,153,4,2293,12956,0.1308,244,0.05,12,D,1.7888,10,6120.0,6040.0,0.9869281045751634,0.9869281045751634,2.9817880794701987,
vul_5k_s1,vul_5k,1,5274,28078,19658,153,4,2293,12956,0.1308,244,0.05,12,LB,0.3856,,6120.0,5793.239436619722,0.946607751081654,,,optimal
vul_5k_s1,vul_5k,1,5274,28078,19658,153,4,2293,12956,0.1308,244,0.1,24,A,0.4557,20,6120.0,5960.0,0.9738562091503268,0.9738562091503268,2.958053691275168,
vul_5k_s1,vul_5k,1,5274,28078,19658,153,4,2293,12956,0.1308,244,0.1,24,B2,0.4829,20,6120.0,5960.0,0.9738562091503268,0.9738562091503268,2.958053691275168,
vul_5k_s1,vul_5k,1,5274,28078,19658,153,4,2293,12956,0.1308,244,0.1,24,C,120.5841,24,6120.0,5960.0,0.9738562091503268,0.9738562091503268,2.9848993288590604,feasible
vul_5k_s1,vul_5k,1,5274,28078,19658,153,4,2293,12956,0.1308,244,0.1,24,D,2.6961,20,6120.0,5960.0,0.9738562091503268,0.9738562091503268,2.958053691275168,
vul_5k_s1,vul_5k,1,5274,28078,19658,153,4,2293,12956,0.1308,244,0.1,24,LB,0.3891,,6120.0,5466.478873239437,0.8932155021633067,,,optimal
vul_5k_s1,vul_5k,1,5274,28078,19658,153,4,2293,12956,0.1308,244,0.25,61,A,1.0797,60,6120.0,5640.0,0.9215686274509803,0.9215686274509803,2.9556737588652484,
vul_5k_s1,vul_5k,1,5274,28078,19658,153,4,2293,12956,0.1308,244,0.25,61,B2,1.2475,60,6120.0,5640.0,0.9215686274509803,0.9215686274509803,2.9556737588652484,
vul_5k_s1,vul_5k,1,5274,28078,19658,153,4,2293,12956,0.1308,244,0.25,61,C,120.7853,60,6120.0,5640.0,0.9215686274509803,0.9215686274509803,2.984042553191489,feasible
vul_5k_s1,vul_5k,1,5274,28078,19658,153,4,2293,12956,0.1308,244,0.25,61,D,5.5537,60,6120.0,5640.0,0.9215686274509803,0.9215686274509803,2.9556737588652484,
vul_5k_s1,vul_5k,1,5274,28078,19658,153,4,2293,12956,0.1308,244,0.25,61,LB,0.5424,,6120.0,4458.967136150237,0.7285894013317381,,,optimal
vul_5k_s1,vul_5k,1,5274,28078,19658,153,4,2293,12956,0.1308,244,0.5,122,A,2.3347,120,6120.0,5160.0,0.8431372549019608,0.8431372549019608,2.9593023255813953,
vul_5k_s1,vul_5k,1,5274,28078,19658,153,4,2293,12956,0.1308,244,0.5,122,B2,2.1492,120,6120.0,5160.0,0.8431372549019608,0.8431372549019608,2.9593023255813953,
vul_5k_s1,vul_5k,1,5274,28078,19658,153,4,2293,12956,0.1308,244,0.5,122,C,121.0514,121,6120.0,5400.0,0.8823529411764706,0.8823529411764706,3.1574074074074074,feasible
vul_5k_s1,vul_5k,1,5274,28078,19658,153,4,2293,12956,0.1308,244,0.5,122,D,9.0328,120,6120.0,5160.0,0.8431372549019608,0.8431372549019608,2.9593023255813953,
vul_5k_s1,vul_5k,1,5274,28078,19658,153,4,2293,12956,0.1308,244,0.5,122,LB,0.4593,,6120.0,2797.934272300468,0.45717880266347516,,,optimal
vul_5k_s1,vul_5k,1,5274,28078,19658,153,4,2293,12956,0.1308,244,0.75,183,A,2.3821,125,6120.0,5120.0,0.8366013071895425,0.8366013071895425,2.9609375,
vul_5k_s1,vul_5k,1,5274,28078,19658,153,4,2293,12956,0.1308,244,0.75,183,B2,2.496,125,6120.0,5120.0,0.8366013071895425,0.8366013071895425,2.9609375,
vul_5k_s1,vul_5k,1,5274,28078,19658,153,4,2293,12956,0.1308,244,0.75,183,C,120.7417,183,6120.0,6120.0,1.0,1.0,4.834967320261438,feasible
vul_5k_s1,vul_5k,1,5274,28078,19658,153,4,2293,12956,0.1308,244,0.75,183,D,10.2818,125,6120.0,5120.0,0.8366013071895425,0.8366013071895425,2.9609375,
vul_5k_s1,vul_5k,1,5274,28078,19658,153,4,2293,12956,0.1308,244,0.75,183,LB,0.5995,,6120.0,1136.9014084507019,0.1857682039952127,,,optimal
vul_5k_s2,vul_5k,2,5272,27793,19368,155,4,2258,12435,0.1388,303,0.05,15,A,0.2906,15,6200.0,6080.0,0.9806451612903225,0.9806451612903225,3.138157894736842,
vul_5k_s2,vul_5k,2,5272,27793,19368,155,4,2258,12435,0.1388,303,0.05,15,B2,0.3114,15,6200.0,6080.0,0.9806451612903225,0.9806451612903225,3.138157894736842,
vul_5k_s2,vul_5k,2,5272,27793,19368,155,4,2258,12435,0.1388,303,0.05,15,C,20.4061,15,6200.0,6080.0,0.9806451612903225,0.9806451612903225,3.1184210526315788,optimal
vul_5k_s2,vul_5k,2,5272,27793,19368,155,4,2258,12435,0.1388,303,0.05,15,D,1.1563,15,6200.0,6080.0,0.9806451612903225,0.9806451612903225,3.138157894736842,
vul_5k_s2,vul_5k,2,5272,27793,19368,155,4,2258,12435,0.1388,303,0.05,15,LB,0.4051,,6200.0,5831.168831168819,0.9405111018014225,,,optimal
vul_5k_s2,vul_5k,2,5272,27793,19368,155,4,2258,12435,0.1388,303,0.1,30,A,0.5606,30,6200.0,5960.0,0.9612903225806452,0.9612903225806452,3.1459731543624163,
vul_5k_s2,vul_5k,2,5272,27793,19368,155,4,2258,12435,0.1388,303,0.1,30,B2,0.6919,30,6200.0,5960.0,0.9612903225806452,0.9612903225806452,3.1459731543624163,
vul_5k_s2,vul_5k,2,5272,27793,19368,155,4,2258,12435,0.1388,303,0.1,30,C,99.5513,30,6200.0,5960.0,0.9612903225806452,0.9612903225806452,3.1459731543624163,optimal
vul_5k_s2,vul_5k,2,5272,27793,19368,155,4,2258,12435,0.1388,303,0.1,30,D,2.1506,30,6200.0,5960.0,0.9612903225806452,0.9612903225806452,3.1459731543624163,
vul_5k_s2,vul_5k,2,5272,27793,19368,155,4,2258,12435,0.1388,303,0.1,30,LB,0.5438,,6200.0,5462.337662337676,0.881022203602851,,,optimal
vul_5k_s2,vul_5k,2,5272,27793,19368,155,4,2258,12435,0.1388,303,0.25,75,A,1.3092,75,6200.0,5600.0,0.9032258064516129,0.9032258064516129,3.1714285714285713,
vul_5k_s2,vul_5k,2,5272,27793,19368,155,4,2258,12435,0.1388,303,0.25,75,B2,1.3792,75,6200.0,5600.0,0.9032258064516129,0.9032258064516129,3.1714285714285713,
vul_5k_s2,vul_5k,2,5272,27793,19368,155,4,2258,12435,0.1388,303,0.25,75,C,121.5584,75,6200.0,5600.0,0.9032258064516129,0.9032258064516129,3.1714285714285713,feasible
vul_5k_s2,vul_5k,2,5272,27793,19368,155,4,2258,12435,0.1388,303,0.25,75,D,5.535,75,6200.0,5600.0,0.9032258064516129,0.9032258064516129,3.1714285714285713,
vul_5k_s2,vul_5k,2,5272,27793,19368,155,4,2258,12435,0.1388,303,0.25,75,LB,0.4901,,6200.0,4355.844155844163,0.702555509007123,,,optimal
vul_5k_s2,vul_5k,2,5272,27793,19368,155,4,2258,12435,0.1388,303,0.5,151,A,2.7828,145,6200.0,5040.0,0.8129032258064516,0.8129032258064516,3.1706349206349205,
vul_5k_s2,vul_5k,2,5272,27793,19368,155,4,2258,12435,0.1388,303,0.5,151,B2,2.7232,145,6200.0,5040.0,0.8129032258064516,0.8129032258064516,3.1706349206349205,
vul_5k_s2,vul_5k,2,5272,27793,19368,155,4,2258,12435,0.1388,303,0.5,151,C,120.7685,151,6200.0,6200.0,1.0,1.0,3.3306451612903225,feasible
vul_5k_s2,vul_5k,2,5272,27793,19368,155,4,2258,12435,0.1388,303,0.5,151,D,11.1585,145,6200.0,5040.0,0.8129032258064516,0.8129032258064516,3.1706349206349205,
vul_5k_s2,vul_5k,2,5272,27793,19368,155,4,2258,12435,0.1388,303,0.5,151,LB,0.4916,,6200.0,2487.0995670995694,0.40114509146767247,,,optimal
vul_5k_s2,vul_5k,2,5272,27793,19368,155,4,2258,12435,0.1388,303,0.75,227,A,2.6833,145,6200.0,5040.0,0.8129032258064516,0.8129032258064516,3.1706349206349205,
vul_5k_s2,vul_5k,2,5272,27793,19368,155,4,2258,12435,0.1388,303,0.75,227,B2,3.0296,145,6200.0,5040.0,0.8129032258064516,0.8129032258064516,3.1706349206349205,
vul_5k_s2,vul_5k,2,5272,27793,19368,155,4,2258,12435,0.1388,303,0.75,227,C,12.0889,227,6200.0,680.0,0.10967741935483871,0.10967741935483871,3.0441176470588234,optimal
vul_5k_s2,vul_5k,2,5272,27793,19368,155,4,2258,12435,0.1388,303,0.75,227,D,12.1045,145,6200.0,5040.0,0.8129032258064516,0.8129032258064516,3.1706349206349205,
vul_5k_s2,vul_5k,2,5272,27793,19368,155,4,2258,12435,0.1388,303,0.75,227,LB,0.6371,,6200.0,618.3549783549768,0.09973467392822206,,,optimal
vul_5k_s3,vul_5k,3,5278,27922,19480,154,4,2319,12875,0.1441,268,0.05,13,A,0.2856,10,6160.0,6080.0,0.987012987012987,0.987012987012987,3.4078947368421053,
vul_5k_s3,vul_5k,3,5278,27922,19480,154,4,2319,12875,0.1441,268,0.05,13,B2,0.3356,10,6160.0,6080.0,0.987012987012987,0.987012987012987,3.4078947368421053,
vul_5k_s3,vul_5k,3,5278,27922,19480,154,4,2319,12875,0.1441,268,0.05,13,C,120.9095,12,6160.0,6080.0,0.987012987012987,0.987012987012987,3.4078947368421053,feasible
vul_5k_s3,vul_5k,3,5278,27922,19480,154,4,2319,12875,0.1441,268,0.05,13,D,2.0361,10,6160.0,6080.0,0.987012987012987,0.987012987012987,3.4078947368421053,
vul_5k_s3,vul_5k,3,5278,27922,19480,154,4,2319,12875,0.1441,268,0.05,13,LB,0.4805,,6160.0,5836.4444444444425,0.9474747474747471,,,optimal
vul_5k_s3,vul_5k,3,5278,27922,19480,154,4,2319,12875,0.1441,268,0.1,26,A,0.5258,25,6160.0,5960.0,0.9675324675324676,0.9675324675324676,3.401006711409396,
vul_5k_s3,vul_5k,3,5278,27922,19480,154,4,2319,12875,0.1441,268,0.1,26,B2,0.5692,25,6160.0,5960.0,0.9675324675324676,0.9675324675324676,3.401006711409396,
vul_5k_s3,vul_5k,3,5278,27922,19480,154,4,2319,12875,0.1441,268,0.1,26,C,120.6841,25,6160.0,5960.0,0.9675324675324676,0.9675324675324676,3.4211409395973154,feasible
vul_5k_s3,vul_5k,3,5278,27922,19480,154,4,2319,12875,0.1441,268,0.1,26,D,3.1105,25,6160.0,5960.0,0.9675324675324676,0.9675324675324676,3.401006711409396,
vul_5k_s3,vul_5k,3,5278,27922,19480,154,4,2319,12875,0.1441,268,0.1,26,LB,0.5877,,6160.0,5512.88888888889,0.894949494949495,,,optimal
vul_5k_s3,vul_5k,3,5278,27922,19480,154,4,2319,12875,0.1441,268,0.25,67,A,1.2798,65,6160.0,5640.0,0.9155844155844156,0.9155844155844156,3.4166666666666665,
vul_5k_s3,vul_5k,3,5278,27922,19480,154,4,2319,12875,0.1441,268,0.25,67,B2,1.4068,65,6160.0,5640.0,0.9155844155844156,0.9155844155844156,3.4166666666666665,
vul_5k_s3,vul_5k,3,5278,27922,19480,154,4,2319,12875,0.1441,268,0.25,67,C,121.7404,66,6160.0,5680.0,0.922077922077922,0.922077922077922,3.433098591549296,feasible
vul_5k_s3,vul_5k,3,5278,27922,19480,154,4,2319,12875,0.1441,268,0.25,67,D,5.8152,65,6160.0,5640.0,0.9155844155844156,0.9155844155844156,3.4166666666666665,
vul_5k_s3,vul_5k,3,5278,27922,19480,154,4,2319,12875,0.1441,268,0.25,67,LB,0.578,,6160.0,4492.444444444445,0.7292929292929294,,,optimal
vul_5k_s3,vul_5k,3,5278,27922,19480,154,4,2319,12875,0.1441,268,0.5,134,A,1.5705,90,6160.0,5440.0,0.8831168831168831,0.8831168831168831,3.4191176470588234,
vul_5k_s3,vul_5k,3,5278,27922,19480,154,4,2319,12875,0.1441,268,0.5,134,B2,1.8773,90,6160.0,5440.0,0.8831168831168831,0.8831168831168831,3.4191176470588234,
vul_5k_s3,vul_5k,3,5278,27922,19480,154,4,2319,12875,0.1441,268,0.5,134,C,120.896,134,6160.0,5520.0,0.8961038961038961,0.8961038961038961,3.5905797101449277,feasible
vul_5k_s3,vul_5k,3,5278,27922,19480,154,4,2319,12875,0.1441,268,0.5,134,D,7.7639,90,6160.0,5440.0,0.8831168831168831,0.8831168831168831,3.4191176470588234,
vul_5k_s3,vul_5k,3,5278,27922,19480,154,4,2319,12875,0.1441,268,0.5,134,LB,0.5971,,6160.0,2824.888888888891,0.45858585858585893,,,optimal
vul_5k_s3,vul_5k,3,5278,27922,19480,154,4,2319,12875,0.1441,268,0.75,201,A,1.7667,90,6160.0,5440.0,0.8831168831168831,0.8831168831168831,3.4191176470588234,
vul_5k_s3,vul_5k,3,5278,27922,19480,154,4,2319,12875,0.1441,268,0.75,201,B2,1.8263,90,6160.0,5440.0,0.8831168831168831,0.8831168831168831,3.4191176470588234,
vul_5k_s3,vul_5k,3,5278,27922,19480,154,4,2319,12875,0.1441,268,0.75,201,C,120.7746,199,6160.0,6160.0,1.0,1.0,5.061688311688312,feasible
vul_5k_s3,vul_5k,3,5278,27922,19480,154,4,2319,12875,0.1441,268,0.75,201,D,8.2206,90,6160.0,5440.0,0.8831168831168831,0.8831168831168831,3.4191176470588234,
vul_5k_s3,vul_5k,3,5278,27922,19480,154,4,2319,12875,0.1441,268,0.75,201,LB,0.6554,,6160.0,1157.3333333333317,0.18787878787878762,,,optimal
vul_5k_s4,vul_5k,4,5278,27820,19409,155,4,2329,12919,0.1212,284,0.05,14,A,0.2681,10,6200.0,6120.0,0.9870967741935484,0.9870967741935484,3.44281045751634,
vul_5k_s4,vul_5k,4,5278,27820,19409,155,4,2329,12919,0.1212,284,0.05,14,B2,0.317,10,6200.0,6120.0,0.9870967741935484,0.9870967741935484,3.44281045751634,
vul_5k_s4,vul_5k,4,5278,27820,19409,155,4,2329,12919,0.1212,284,0.05,14,C,120.7676,11,6200.0,6120.0,0.9870967741935484,0.9870967741935484,3.462418300653595,feasible
vul_5k_s4,vul_5k,4,5278,27820,19409,155,4,2329,12919,0.1212,284,0.05,14,D,2.0151,10,6200.0,6120.0,0.9870967741935484,0.9870967741935484,3.44281045751634,
vul_5k_s4,vul_5k,4,5278,27820,19409,155,4,2329,12919,0.1212,284,0.05,14,LB,0.5417,,6200.0,5840.392156862747,0.9419987349778624,,,optimal
vul_5k_s4,vul_5k,4,5278,27820,19409,155,4,2329,12919,0.1212,284,0.1,28,A,0.5817,25,6200.0,6000.0,0.967741935483871,0.967741935483871,3.4166666666666665,
vul_5k_s4,vul_5k,4,5278,27820,19409,155,4,2329,12919,0.1212,284,0.1,28,B2,0.5943,25,6200.0,6000.0,0.967741935483871,0.967741935483871,3.4166666666666665,
