group,budget_frac,alg,risk_ratio_mean,risk_ratio_std,time_mean,time_std,cost_over_budget_mean,cost_over_budget_std,gap_opt_mean,gap_opt_std,gap_lb_mean,gap_lb_std,reach_pair_frac_mean,reach_pair_frac_std,mean_dist_mean,mean_dist_std,runs,n_mean,red_n_mean
vul_10k,0.05,A,0.9864540061974324,0.0021829523435898395,0.83008,0.06987658406075671,0.9098039215686274,0.08473447229934074,,,0.7762832960651859,0.032716688485240765,0.9864540061974324,0.0021829523435898395,2.83719472378216,0.0867931790450743,5,10073.2,4379.0
vul_10k,0.05,B2,0.9864540061974324,0.0021829523435898395,0.921,0.09257648189470155,0.9098039215686274,0.08473447229934074,,,0.7762832960651859,0.032716688485240765,0.9864540061974324,0.0021829523435898395,2.83719472378216,0.0867931790450743,5,10073.2,4379.0
vul_10k,0.05,D,0.9864540061974324,0.0021829523435898395,4.2844,1.2026641364071684,0.9098039215686274,0.08473447229934074,,,0.7762832960651859,0.032716688485240765,0.9864540061974324,0.0021829523435898395,2.83719472378216,0.0867931790450743,5,10073.2,4379.0
vul_10k,0.05,LB,0.9395243159359292,0.0023751141632853833,1.32684,0.22296230174628182,,,,,,,,,,,5,10073.2,4379.0
vul_10k,0.1,A,0.9705175488522102,0.0021855361914944124,1.84832,0.3832470573924866,0.9787555848531457,0.02253721267654473,,,0.7599785363636906,0.018608517411604936,0.9705175488522102,0.0021855361914944124,2.836166767860757,0.08747466749193472,5,10073.2,4379.0
vul_10k,0.1,B2,0.9705175488522102,0.0021855361914944124,1.8722999999999999,0.25128952425439477,0.9787555848531457,0.02253721267654473,,,0.7599785363636906,0.018608517411604936,0.9705175488522102,0.0021855361914944124,2.836166767860757,0.08747466749193472,5,10073.2,4379.0
vul_10k,0.1,D,0.9705175488522102,0.0021855361914944124,7.080760000000001,1.5468478910351848,0.9787555848531457,0.02253721267654473,,,0.7599785363636906,0.018608517411604936,0.9705175488522102,0.0021855361914944124,2.836166767860757,0.08747466749193472,5,10073.2,4379.0
vul_10k,0.1,LB,0.8770249397734744,0.006121817487345291,1.5997999999999999,0.16445435536950667,,,,,,,,,,,5,10073.2,4379.0
vul_10k,0.25,A,0.925895453108202,0.00535411203900699,4.25702,0.28582021796926793,0.9744775527409351,0.01963949587311482,,,0.7608762623598804,0.020589210568632624,0.925895453108202,0.00535411203900699,2.830010315355143,0.07871395581180092,5,10073.2,4379.0
vul_10k,0.25,B2,0.925895453108202,0.00535411203900699,4.30962,0.13904857784242147,0.9744775527409351,0.01963949587311482,,,0.7608762623598804,0.020589210568632624,0.925895453108202,0.00535411203900699,2.830010315355143,0.07871395581180092,5,10073.2,4379.0
vul_10k,0.25,D,0.925895453108202,0.00535411203900699,14.213040000000001,1.3157228461952017,0.9744775527409351,0.01963949587311482,,,0.7608762623598804,0.020589210568632624,0.925895453108202,0.00535411203900699,2.830010315355143,0.07871395581180092,5,10073.2,4379.0
vul_10k,0.25,LB,0.6895256010105301,0.015635571346403372,1.90578,0.09663240657253652,,,,,,,,,,,5,10073.2,4379.0
vul_10k,0.5,A,0.8948131284386264,0.024246695653817544,5.92532,1.29518051521786,0.6932653561858422,0.17395019019547203,,,0.8307121803447359,0.04004218880836371,0.8948131284386264,0.024246695653817544,2.8213109400811893,0.07281420322609229,5,10073.2,4379.0
vul_10k,0.5,B2,0.8948131284386264,0.024246695653817544,5.9013800000000005,1.3757459238536742,0.6932653561858422,0.17395019019547203,,,0.8307121803447359,0.04004218880836371,0.8948131284386264,0.024246695653817544,2.8213109400811893,0.07281420322609229,5,10073.2,4379.0
vul_10k,0.5,D,0.8948131284386264,0.024246695653817544,21.272039999999997,3.0607253949023256,0.6932653561858422,0.17395019019547203,,,0.8307121803447359,0.04004218880836371,0.8948131284386264,0.024246695653817544,2.8213109400811893,0.07281420322609229,5,10073.2,4379.0
vul_10k,0.5,LB,0.3776698420825196,0.031907430084819985,1.7311599999999998,0.16373447407311634,,,,,,,,,,,5,10073.2,4379.0
vul_10k,0.75,A,0.8948131284386264,0.024246695653817544,5.65764,1.1921249443745396,0.46209733454778235,0.11549849803202682,,,0.8840515311393276,0.02632818752808565,0.8948131284386264,0.024246695653817544,2.8213109400811893,0.07281420322609229,5,10073.2,4379.0
vul_10k,0.75,B2,0.8948131284386264,0.024246695653817544,5.86738,1.102593745220786,0.46209733454778235,0.11549849803202682,,,0.8840515311393276,0.02632818752808565,0.8948131284386264,0.024246695653817544,2.8213109400811893,0.07281420322609229,5,10073.2,4379.0
vul_10k,0.75,D,0.2368152785682666,0.09205250911946733,6.35772,4.625651179239524,0.9993527508090615,0.0014472931893202258,,,0.1591502023989808,0.09093045805549073,0.2368152785682666,0.09205250911946733,3.616827491691507,0.2719557709264661,5,10073.2,4379.0
vul_10k,0.75,LB,0.09334040725984946,0.026035743315709355,0.95526,0.4441355795249914,,,,,,,,,,,5,10073.2,4379.0
vul_1k,0.05,A,1.0,0.0,0.01626,0.004693399620744007,0.0,0.0,0.0,0.0,1.0,0.0,0.9763012181616834,0.023810811472043805,5.445348837209302,0.8319808547128963,5,1110.0,164.0
vul_1k,0.05,B2,1.0,0.0,0.02586,0.006080542738933754,0.0,0.0,0.0,0.0,1.0,0.0,0.9763012181616834,0.023810811472043805,5.445348837209302,0.8319808547128963,5,1110.0,164.0
vul_1k,0.05,C,1.0,0.0,0.04708,0.007748354664056107,0.4,0.5477225575051661,0.0,0.0,1.0,0.0,0.9763012181616834,0.023810811472043805,5.445348837209302,0.8319808547128963,5,1110.0,164.0
vul_1k,0.05,D,1.0,0.0,0.142,0.017232672456702704,0.0,0.0,0.0,0.0,1.0,0.0,0.9763012181616834,0.023810811472043805,5.445348837209302,0.8319808547128963,5,1110.0,164.0
vul_1k,0.05,LB,0.9411443850267384,0.017286520286198957,0.01426,0.0019308029417835478,,,,,,,,,,,5,1110.0,164.0
vul_1k,0.1,A,1.0,0.0,0.01788,0.003242221460665511,0.0,0.0,0.0,0.0,1.0,0.0,0.9763012181616834,0.023810811472043805,5.445348837209302,0.8319808547128963,5,1110.0,164.0
vul_1k,0.1,B2,1.0,0.0,0.026840000000000003,0.005293203188996243,0.0,0.0,0.0,0.0,1.0,0.0,0.9763012181616834,0.023810811472043805,5.445348837209302,0.8319808547128963,5,1110.0,164.0
vul_1k,0.1,C,1.0,0.0,0.07818,0.05615800922397445,0.2,0.4472135954999579,0.0,0.0,1.0,0.0,0.9763012181616834,0.023810811472043805,5.445348837209302,0.8319808547128963,5,1110.0,164.0
vul_1k,0.1,D,1.0,0.0,0.12334,0.02179318700878786,0.0,0.0,0.0,0.0,1.0,0.0,0.9763012181616834,0.023810811472043805,5.445348837209302,0.8319808547128963,5,1110.0,164.0
vul_1k,0.1,LB,0.9240534759358286,0.012982552947267363,0.01406,0.00113269589917153,,,,,,,,,,,5,1110.0,164.0
vul_1k,0.25,A,0.985,0.02236067977499792,0.027739999999999997,0.015610989718784649,0.3484848484848485,0.47793364532083343,0.0,0.0,0.9391666666666667,0.08992666765512637,0.9620155038759689,0.043298552962436475,5.423081630731569,0.857345414387582,5,1110.0,164.0
vul_1k,0.25,B2,0.985,0.02236067977499792,0.03996,0.020920755244493446,0.3484848484848485,0.47793364532083343,0.0,0.0,0.9391666666666667,0.08992666765512637,0.9620155038759689,0.043298552962436475,5.423081630731569,0.857345414387582,5,1110.0,164.0
vul_1k,0.25,C,0.985,0.02236067977499792,2.00988,0.9839345618485001,0.3484848484848485,0.47793364532083343,0.0,0.0,0.9391666666666667,0.08992666765512637,0.9620155038759689,0.043298552962436475,5.4704500517842005,0.7912272085465327,5,1110.0,164.0
vul_1k,0.25,D,0.985,0.02236067977499792,0.16648000000000002,0.05683323851409491,0.3484848484848485,0.47793364532083343,0.0,0.0,0.9391666666666667,0.08992666765512637,0.9620155038759689,0.043298552962436475,5.423081630731569,0.857345414387582,5,1110.0,164.0
vul_1k,0.25,LB,0.7649411764705882,0.02061594773562601,0.01526,0.012618755881623195,,,,,,,,,,,5,1110.0,164.0
vul_1k,0.5,A,0.951173864894795,0.031133426698931734,0.057420000000000006,0.03577459992788179,0.783008658008658,0.11252939497158031,0.10666666666666666,0.1534781924429512,0.9002388862521753,0.06104420867842539,0.9290143964562569,0.047898943053812953,5.413243474540009,0.8474504629305214,5,1110.0,164.0
vul_1k,0.5,B2,0.951173864894795,0.031133426698931734,0.06176,0.04443031622664867,0.783008658008658,0.11252939497158031,0.10666666666666666,0.1534781924429512,0.9002388862521753,0.06104420867842539,0.9290143964562569,0.047898943053812953,5.413243474540009,0.8474504629305214,5,1110.0,164.0
vul_1k,0.5,C,0.9411738648947952,0.04255745387576227,2.63524,0.7797946287324632,0.7996753246753248,0.12707720131251035,0.0,0.0,0.8798222195855085,0.08443467040043404,0.9194905869324475,0.06007254344004866,5.543178265373387,0.8413247866574436,5,1110.0,164.0
vul_1k,0.5,D,0.951173864894795,0.031133426698931734,0.273,0.103437686555723,0.783008658008658,0.11252939497158031,0.10666666666666666,0.1534781924429512,0.9002388862521753,0.06104420867842539,0.9290143964562569,0.047898943053812953,5.413243474540009,0.8474504629305214,5,1110.0,164.0
vul_1k,0.5,LB,0.516549019607843,0.015865156509796977,0.0098,0.0024259018941416403,,,,,,,,,,,5,1110.0,164.0
vul_1k,0.75,A,0.9316500553709857,0.033874416116372555,0.051519999999999996,0.01372814626961703,0.7777777777777778,0.13528379026241283,0.1688888888888889,0.2317938632960942,0.9069511560790631,0.04458535426030064,0.9100775193798449,0.05200541304693571,5.383081740276863,0.8685062873573701,5,1110.0,164.0
vul_1k,0.75,B2,0.9316500553709857,0.033874416116372555,0.07142,0.02407461318484681,0.7777777777777778,0.13528379026241283,0.1688888888888889,0.2317938632960942,0.9069511560790631,0.04458535426030064,0.9100775193798449,0.05200541304693571,5.383081740276863,0.8685062873573701,5,1110.0,164.0
vul_1k,0.75,C,0.9016500553709855,0.07839789678332626,7.672359999999999,5.565176778234452,0.8818181818181818,0.08357021734090121,0.0,0.0,0.8663956005235075,0.10428748716267676,0.8815060908084164,0.09416242705971822,5.570266943913679,0.7854365083148304,5,1110.0,164.0
vul_1k,0.75,D,0.9316500553709857,0.033874416116372555,0.31538,0.12789619619050444,0.7777777777777778,0.13528379026241283,0.1688888888888889,0.2317938632960942,0.9069511560790631,0.04458535426030064,0.9100775193798449,0.05200541304693571,5.383081740276863,0.8685062873573701,5,1110.0,164.0
vul_1k,0.75,LB,0.268156862745098,0.01920798164867303,0.00984,0.002281008548866049,,,,,,,,,,,5,1110.0,164.0
vul_5k,0.05,A,0.985722226329437,0.0028390279617927132,0.27082,0.02113331493164288,0.8300366300366301,0.10724377702234716,0.0,0.0,0.741068218151997,0.03903279004947516,0.985722226329437,0.0028390279617927132,3.2540640085475347,0.19296199593976932,5,5275.4,2300.6
vul_5k,0.05,B2,0.985722226329437,0.0028390279617927132,0.30920000000000003,0.019766765036292603,0.8300366300366301,0.10724377702234716,0.0,0.0,0.741068218151997,0.03903279004947516,0.985722226329437,0.0028390279617927132,3.2540640085475347,0.19296199593976932,5,5275.4,2300.6
vul_5k,0.05,C,0.985722226329437,0.0028390279617927132,98.77664,44.02915896735935,0.8750915750915752,0.08570371870620584,0.0,0.0,0.741068218151997,0.03903279004947516,0.985722226329437,0.0028390279617927132,3.254038208753933,0.2010524791513993,5,5275.4,2300.6
vul_5k,0.05,D,0.985722226329437,0.0028390279617927132,1.80642,0.37811437026381306,0.8300366300366301,0.10724377702234716,0.0,0.0,0.741068218151997,0.03903279004947516,0.985722226329437,0.0028390279617927132,3.2540640085475347,0.19296199593976932,5,5275.4,2300.6
vul_5k,0.05,LB,0.9450564183224055,0.0035869702960128545,0.4382,0.07066809746979184,,,,,,,,,,,5,5275.4,2300.6
vul_5k,0.1,A,0.9675482392370437,0.004445271256203424,0.52024,0.05347394692745244,0.9375457875457875,0.07285948169071978,0.0,0.0,0.7073918766817576,0.031657643948737484,0.9675482392370437,0.004445271256203424,3.2465022069048914,0.19382454590982948,5,5275.4,2300.6
vul_5k,0.1,B2,0.9675482392370437,0.004445271256203424,0.58426,0.07448055450921402,0.9375457875457875,0.07285948169071978,0.0,0.0,0.7073918766817576,0.031657643948737484,0.9675482392370437,0.004445271256203424,3.2465022069048914,0.19382454590982948,5,5275.4,2300.6
vul_5k,0.1,C,0.9675482392370437,0.004445271256203424,103.74682,30.22956928302155,0.9708791208791208,0.04668713359614945,0.0,0.0,0.7073918766817576,0.031657643948737484,0.9675482392370437,0.004445271256203424,3.263898180059254,0.1973780892327694,5,5275.4,2300.6
vul_5k,0.1,D,0.9675482392370437,0.004445271256203424,2.5397600000000002,0.5423453908719056,0.9375457875457875,0.07285948169071978,0.0,0.0,0.7073918766817576,0.031657643948737484,0.9675482392370437,0.004445271256203424,3.2465022069048914,0.19382454590982948,5,5275.4,2300.6
vul_5k,0.1,LB,0.8892576659160852,0.00629177138533673,0.5239,0.07953034012249663,,,,,,,,,,,5,5275.4,2300.6
vul_5k,0.25,A,0.9143249792585657,0.00792651418006602,1.30002,0.1850052891135818,0.9754342608132278,0.023701569797633742,,,0.6960332952236497,0.01623936406367136,0.9143249792585657,0.00792651418006602,3.2513069908814587,0.19121220219165527,5,5275.4,2300.6
vul_5k,0.25,B2,0.9143249792585657,0.00792651418006602,1.4276,0.14841332487347625,0.9754342608132278,0.023701569797633742,,,0.6960332952236497,0.01623936406367136,0.9143249792585657,0.00792651418006602,3.2513069908814587,0.19121220219165527,5,5275.4,2300.6
vul_5k,0.25,C,0.9169308700997506,0.010164816027265978,121.13614,0.47938992792923263,0.9815443354400933,0.01720532560077874,,,0.7056075223025409,0.023421047842190512,0.9169308700997506,0.010164816027265978,3.2707955534626194,0.19338634600721233,5,5275.4,2300.6
vul_5k,0.25,D,0.9143249792585657,0.00792651418006602,5.68072,0.33463083689343415,0.9754342608132278,0.023701569797633742,,,0.6960332952236497,0.01623936406367136,0.9143249792585657,0.00792651418006602,3.2513069908814587,0.19121220219165527,5,5275.4,2300.6
vul_5k,0.25,LB,0.7185267867653357,0.013172513287917423,0.57196,0.05742171192153716,,,,,,,,,,,5,5275.4,2300.6
vul_5k,0.5,A,0.8559655651116753,0.035949445504031924,2.21556,0.625644494101882,0.8163464878449844,0.17804767722166123,,,0.7458841137408575,0.05500375070242888,0.8559655651116753,0.035949445504031924,3.2429436430920404,0.1831079210978283,5,5275.4,2300.6
vul_5k,0.5,B2,0.8559655651116753,0.035949445504031924,2.18766,0.5296314218397544,0.8163464878449844,0.17804767722166123,,,0.7458841137408575,0.05500375070242888,0.8559655651116753,0.035949445504031924,3.2429436430920404,0.1831079210978283,5,5275.4,2300.6
vul_5k,0.5,C,0.933469145233851,0.060928516901756914,120.83512,0.1393314645010333,0.9894478036250289,0.011248315615355732,,,0.8776712670521455,0.11201627157689843,0.933469145233851,0.060928516901756914,3.5611913514042053,0.3162537463041417,5,5275.4,2300.6
vul_5k,0.5,D,0.8559655651116753,0.035949445504031924,8.7944,1.8914794870682576,0.8163464878449844,0.17804767722166123,,,0.7458841137408575,0.05500375070242888,0.8559655651116753,0.035949445504031924,3.2429436430920404,0.1831079210978283,5,5275.4,2300.6
vul_5k,0.5,LB,0.43626038822135643,0.027578017593727844,0.53772,0.0622142829260291,,,,,,,,,,,5,5275.4,2300.6
vul_5k,0.75,A,0.8546583755691917,0.036644630396989106,2.15536,0.602776640224221,0.5494134566474307,0.12529383749838238,0.8030157715260017,0.01861203910412164,0.8288662401423219,0.038061961568228636,0.8546583755691917,0.036644630396989106,3.2432706779757607,0.18247505038941084,5,5275.4,2300.6
vul_5k,0.75,B2,0.8546583755691917,0.036644630396989106,2.2640599999999997,0.6931670960165376,0.5494134566474307,0.12529383749838238,0.8030157715260017,0.01861203910412164,0.8288662401423219,0.038061961568228636,0.8546583755691917,0.036644630396989106,3.2432706779757607,0.18247505038941084,5,5275.4,2300.6
vul_5k,0.75,C,0.6464516129032258,0.48413756096758925,75.06899999999999,62.6785275807832,0.9948849502487562,0.007285763609981793,0.0,0.0,0.6022088478004592,0.5447119636489905,0.6464516129032258,0.48413756096758925,4.177662739737043,0.9626626279234296,5,5275.4,2300.6
vul_5k,0.75,D,0.8546583755691917,0.036644630396989106,9.55346,1.9545429959455995,0.5494134566474307,0.12529383749838238,0.8030157715260017,0.01861203910412164,0.8288662401423219,0.038061961568228636,0.8546583755691917,0.036644630396989106,3.2432706779757607,0.18247505038941084,5,5275.4,2300.6
vul_5k,0.75,LB,0.15499968227699792,0.04095943733260393,0.56688,0.12064753209245518,,,,,,,,,,,5,5275.4,2300.6
