method,budget,contexts,mean_tokens
window,4000,7949,3449.555164171594
obs_mask,4000,7949,3442.206063655806
obs_trunc,4000,7949,3518.9607497798465
bm25,4000,7949,3897.5906403321173
random,4000,7949,3867.1437916719083
skc,4000,7949,3913.920367341804
skc+bm25,4000,7949,3937.186815951692
window,8000,6227,7141.885659225952
obs_mask,8000,6227,6643.624056528023
obs_trunc,8000,6227,6165.489963064076
bm25,8000,6227,7756.188052031476
random,8000,6227,7688.821744017986
skc,8000,6227,7710.466356190782
skc+bm25,8000,6227,7843.457844869118
window,16000,4572,14215.253280839896
obs_mask,16000,4572,10252.877952755905
obs_trunc,16000,4572,10455.174321959756
bm25,16000,4572,14932.055555555555
random,16000,4572,14943.147200349957
skc,16000,4572,14987.193350831147
skc+bm25,16000,4572,15200.083333333334
