budget,method,state_correct,state_stale,state_correct_macro,use_avail,use_long_avail
4000,SKC (ours),66.18897449203625,0.14290846672787513,70.75302077066411,89.64541822783553,71.1390107396763
4000,SKC+BM25 (ours),66.0939683046585,0.3512833819009221,70.5420557246799,89.9357336046252,72.19785206474059
4000,Recency window,39.978443974292446,0.25068859526565807,45.35621179546902,87.0970943649041,63.01618514596884
4000,Observation masking,38.82479741327691,0.2618657937806874,44.44518905840704,87.19634748517406,63.31871123884435
4000,Truncate observations,43.10007584527564,0.6123508043591074,49.16151263996815,89.19381653060718,70.2768113749811
4000,BM25 selection,39.43235798970101,1.618298670711748,46.32697994167901,89.34269621101213,76.41052790803207
4000,Random selection,51.81110534509601,2.411081393956329,57.9813021760437,86.7596337559862,71.3885947662986
8000,SKC (ours),76.40334385281676,0.12673739340629825,79.5570349173636,94.03264150439405,83.44691806754506
8000,SKC+BM25 (ours),76.67864097226885,0.3147451823004096,79.61197014199514,95.60060902315891,88.17204301075269
8000,Recency window,51.95142013026254,0.2056335191029343,58.86945342208428,93.8216203221412,82.90171134332878
8000,Observation masking,43.05714093869603,0.3306922715369637,52.10488589463078,93.32478563987499,81.49326063910344
8000,Truncate observations,52.48774592090244,1.0172564291949238,58.48390064037151,93.98990303710232,84.4918976222929
8000,BM25 selection,46.7744913717854,1.6870341771301953,56.927359597199185,95.4430109250207,89.89095865515675
8000,Random selection,63.58775935003022,1.8960249781776672,71.74305119453828,93.24999332211449,84.66606088141754
16000,SKC (ours),82.95016634626357,0.1167496203442797,84.37884132348377,97.40317886724871,93.05352064121348
16000,SKC+BM25 (ours),83.09676173421467,0.2817791588760435,84.96610642591239,98.22507915187566,95.59596656037232
16000,Recency window,66.1285650330498,0.1404506710908628,64.7128503301681,97.2912469218715,92.82944066189779
16000,Observation masking,38.97593904440875,0.6144716860225248,46.70028819219797,95.76577440915923,88.71843488752909
16000,Truncate observations,62.061640288275,1.3290144751972892,60.92740336744922,95.99283635549585,90.19219167456693
16000,BM25 selection,58.27737251907057,1.6775077028414926,67.83311352477389,97.97243276088139,95.21675428768422
16000,Random selection,75.49048007795011,1.2377215389882286,80.77397165976535,96.91067830758898,93.6051021287598
