n_keys,method,correct,stale,missing
20,obs_mask,28.888888888888886,9.027777777777777,62.083333333333336
20,skc,98.05555555555556,0.4166666666666667,1.5277777777777777
20,skc-no-priority,98.05555555555556,0.4166666666666667,1.5277777777777777
20,skc-recency-only,98.05555555555556,0.4166666666666667,1.5277777777777777
20,window,28.888888888888886,9.027777777777777,62.083333333333336
50,obs_mask,14.725130890052357,3.5340314136125657,81.74083769633508
50,skc,85.6020942408377,0.6544502617801047,13.743455497382199
50,skc-no-priority,85.86387434554975,0.5235602094240838,13.612565445026178
50,skc-recency-only,85.6020942408377,0.6544502617801047,13.743455497382199
50,window,14.725130890052357,3.5340314136125657,81.74083769633508
100,obs_mask,8.426517571884984,2.915335463258786,88.65814696485623
100,skc,63.81789137380191,1.317891373801917,34.864217252396166
100,skc-no-priority,64.61661341853035,0.8386581469648562,34.54472843450479
100,skc-recency-only,63.7779552715655,1.317891373801917,34.90415335463259
100,window,8.426517571884984,2.915335463258786,88.65814696485623
200,obs_mask,6.521739130434782,1.6171792152704134,91.86108165429481
200,skc,40.58854718981972,1.1399787910922587,58.27147401908802
200,skc-no-priority,41.38388123011665,1.007423117709438,57.608695652173914
200,skc-recency-only,40.58854718981972,1.1399787910922587,58.27147401908802
200,window,6.521739130434782,1.6171792152704134,91.86108165429481
400,obs_mask,3.774578651685393,1.1762640449438202,95.04915730337079
400,skc,28.195224719101127,0.9304775280898877,70.87429775280899
400,skc-no-priority,28.581460674157306,0.9129213483146067,70.50561797752809
400,skc-recency-only,28.16011235955056,0.9480337078651686,70.89185393258427
400,window,3.774578651685393,1.1762640449438202,95.04915730337079
