budget,method,recall,correct,stale,missing
2000,skc,0.5,62.42622950819672,23.21311475409836,14.360655737704919
2000,skc,0.7,75.60655737704917,14.754098360655737,9.639344262295083
2000,skc,0.8,83.08196721311475,9.311475409836065,7.606557377049181
2000,skc,0.9,89.50819672131148,4.918032786885246,5.573770491803279
2000,skc,0.95,92.06557377049181,2.8852459016393444,5.049180327868853
2000,skc,1.0,95.34426229508198,0.0,4.655737704918033
2000,skc+bm25,0.5,58.68852459016394,27.803278688524593,13.508196721311474
2000,skc+bm25,0.7,73.31147540983606,17.704918032786885,8.98360655737705
2000,skc+bm25,0.8,81.9672131147541,10.688524590163935,7.344262295081967
2000,skc+bm25,0.9,88.91803278688525,5.573770491803279,5.508196721311476
2000,skc+bm25,0.95,92.0,2.9508196721311477,5.049180327868853
2000,skc+bm25,1.0,95.34426229508198,0.0,4.655737704918033
2000,skc-ledger-only,0.5,48.65573770491803,39.08196721311475,12.262295081967213
2000,skc-ledger-only,0.7,68.78688524590164,24.98360655737705,6.229508196721312
2000,skc-ledger-only,0.8,80.45901639344262,16.065573770491802,3.475409836065574
2000,skc-ledger-only,0.9,90.29508196721312,8.459016393442623,1.2459016393442623
2000,skc-ledger-only,0.95,95.14754098360656,4.393442622950819,0.45901639344262296
2000,skc-ledger-only,1.0,100.0,0.0,0.0
8000,skc,0.5,79.34426229508198,12.262295081967213,8.39344262295082
8000,skc,0.7,87.60655737704917,8.065573770491802,4.327868852459017
8000,skc,0.8,92.45901639344262,4.852459016393443,2.6885245901639343
8000,skc,0.9,96.59016393442623,2.5573770491803276,0.8524590163934427
8000,skc,0.95,98.09836065573771,1.5737704918032787,0.32786885245901637
8000,skc,1.0,100.0,0.0,0.0
8000,skc+bm25,0.5,68.06557377049181,24.59016393442623,7.344262295081967
8000,skc+bm25,0.7,80.52459016393443,15.540983606557376,3.934426229508197
8000,skc+bm25,0.8,87.8688524590164,9.770491803278688,2.360655737704918
8000,skc+bm25,0.9,94.16393442622952,5.114754098360655,0.7213114754098361
8000,skc+bm25,0.95,96.91803278688525,2.622950819672131,0.45901639344262296
8000,skc+bm25,1.0,100.0,0.0,0.0
8000,skc-ledger-only,0.5,48.65573770491803,39.08196721311475,12.262295081967213
8000,skc-ledger-only,0.7,68.78688524590164,24.98360655737705,6.229508196721312
8000,skc-ledger-only,0.8,80.45901639344262,16.065573770491802,3.475409836065574
8000,skc-ledger-only,0.9,90.29508196721312,8.459016393442623,1.2459016393442623
8000,skc-ledger-only,0.95,95.14754098360656,4.393442622950819,0.45901639344262296
8000,skc-ledger-only,1.0,100.0,0.0,0.0
