budget,method,correct,stale,missing
1000,bm25,28.859416445623342,12.944297082228118,58.19628647214854
1000,obs_mask,23.660477453580903,6.047745358090186,70.29177718832891
1000,obs_trunc,24.137931034482758,6.047745358090186,69.81432360742706
1000,random,23.28912466843501,13.050397877984086,63.660477453580896
1000,skc+bm25,58.673740053050395,3.3421750663129974,37.9840848806366
1000,skc-basic,58.09018567639257,3.9257294429708227,37.9840848806366
1000,window,23.660477453580903,6.047745358090186,70.29177718832891
2000,bm25,34.90716180371353,25.039787798408486,40.05305039787798
2000,obs_mask,31.830238726790448,5.888594164456233,62.28116710875331
2000,obs_trunc,34.323607427055705,6.684350132625995,58.9920424403183
2000,random,25.782493368700266,20.636604774535808,53.58090185676393
2000,skc+bm25,90.39787798408489,0.8488063660477453,8.753315649867375
2000,skc-basic,90.29177718832891,0.9549071618037135,8.753315649867375
2000,window,31.830238726790448,5.888594164456233,62.28116710875331
4000,bm25,39.257294429708224,29.814323607427056,30.92838196286472
4000,obs_mask,42.97082228116711,5.623342175066313,51.40583554376658
4000,obs_trunc,46.89655172413793,9.920424403183024,43.183023872679044
4000,random,29.336870026525197,26.419098143236074,44.244031830238725
4000,skc+bm25,100.0,0.0,0.0
4000,skc-basic,100.0,0.0,0.0
4000,window,42.97082228116711,5.623342175066313,51.40583554376658
8000,bm25,44.40318302387268,30.981432360742705,24.615384615384617
8000,obs_mask,59.46949602122016,7.2148541114058355,33.315649867374006
8000,obs_trunc,59.09814323607427,13.899204244031829,27.0026525198939
8000,random,33.740053050397876,31.6710875331565,34.58885941644562
8000,skc+bm25,100.0,0.0,0.0
8000,skc-basic,100.0,0.0,0.0
8000,window,56.60477453580902,5.305039787798409,38.09018567639257
16000,bm25,50.291777188328915,31.511936339522546,18.19628647214854
16000,obs_mask,68.70026525198939,12.625994694960212,18.6737400530504
16000,obs_trunc,68.3289124668435,18.090185676392572,13.580901856763925
16000,random,44.08488063660477,34.16445623342175,21.750663129973475
16000,skc+bm25,100.0,0.0,0.0
16000,skc-basic,100.0,0.0,0.0
16000,window,71.40583554376659,4.456233421750663,24.137931034482758
